"_id","title","Fname","Lname","phoneNumber","email","adaressLine1","addressLine2","town","county","eircode","__v"
"ObjectId(""6085f65975ae867dfcf0406d"")","Mr","lee","Sang","861236435","LeeSangSang@hotmail.com","bawnouge","Lucan","Dublin","Dublin","DO023 2342","0"
"ObjectId(""60861c8b9cde0b2b9044ec13"")","Mr","lee","Sang","861236435","LeeSangSang@hotmail.com","bawnouge","Lucan","Dublin","Dublin","DO023 2342","0"
"ObjectId(""6086286275a81e304c056c43"")","Mr","lee","Sang","861236435","LeeSangSang@hotmail.com","bawnouge","Lucan","Dublin","Dublin","DO023 2342","0"
"ObjectId(""6086289ec6e054694087bf73"")","Mr","lee","Sang","861236435","LeeSangSang@hotmail.com","bawnouge","Lucan","Dublin","Dublin","DO023 2342","0"
"ObjectId(""60862917c85a0e084855eb0d"")","Mr","lee","Sang","861236435","LeeSangSang@hotmail.com","bawnouge","Lucan","Dublin","Dublin","DO023 2342","0"
"ObjectId(""608630ade37c34510ce16661"")","Mr","lee","Sang","861236435","LeeSangSang@hotmail.com","bawnouge","Lucan","Dublin","Dublin","DO023 2342","0"
"ObjectId(""608630ade37c34510ce16662"")","Mr","Steve","Walshy","89164354233.0","SteveW@hotmail.com","","Tallaght","Dublin","Dublin","D010 4210","0"
"ObjectId(""608630c646c0a7799c6b1177"")","Mr","lee","Sang","861236435","LeeSangSang@hotmail.com","bawnouge","Lucan","Dublin","Dublin","DO023 2342","0"
"ObjectId(""608630c646c0a7799c6b1178"")","Mr","Steve","Walshy","89164354233.0","SteveW@hotmail.com","","Tallaght","Dublin","Dublin","D010 4210","0"
"ObjectId(""608634b102510f40c4873624"")","Miss","Daisy","Healy","83453354233.0","DaisyH@hotmail.com","","Dublin City","Dublin","Dublin","D001 0240","0"
"ObjectId(""608634b102510f40c487362d"")","Mr","lee","Sang","861236435","LeeSangSang@hotmail.com","bawnouge","Lucan","Dublin","Dublin","DO023 2342","0"
"ObjectId(""608634b102510f40c487362e"")","Mr","Steve","Walshy","89164354233.0","SteveW@hotmail.com","","Tallaght","Dublin","Dublin","D010 4210","0"
"ObjectId(""6086356a2fa4c973fcaad15a"")","Miss","Daisy","Healy","83453354233.0","DaisyH@hotmail.com","","Dublin City","Dublin","Dublin","D001 0240","0"
"ObjectId(""6086356a2fa4c973fcaad160"")","Mr","Steve","Walshy","89164354233.0","SteveW@hotmail.com","","Tallaght","Dublin","Dublin","D010 4210","0"
"ObjectId(""6086358a5290d165942a6e02"")","Miss","Daisy","Healy","83453354233.0","DaisyH@hotmail.com","","Dublin City","Dublin","Dublin","D001 0240","0"
"ObjectId(""6086358a5290d165942a6e08"")","Mr","Steve","Walshy","89164354233.0","SteveW@hotmail.com","","Tallaght","Dublin","Dublin","D010 4210","0"
"ObjectId(""6086388531704e7024d37c81"")","Miss","Daisy","Healy","83453354233.0","DaisyH@hotmail.com","","Dublin City","Dublin","Dublin","D001 0240","0"
"ObjectId(""6086388531704e7024d37c87"")","Mr","Steve","Walshy","89164354233.0","SteveW@hotmail.com","","Tallaght","Dublin","Dublin","D010 4210","0"
"ObjectId(""60863a6c6eb28065dc6c11ae"")","Miss","Daisy","Healy","83453354233.0","DaisyH@hotmail.com","","Dublin City","Dublin","Dublin","D001 0240","0"
"ObjectId(""60863a6c6eb28065dc6c11b4"")","Mr","Steve","Walshy","89164354233.0","SteveW@hotmail.com","","Tallaght","Dublin","Dublin","D010 4210","0"
"ObjectId(""60863bd8f74dee67a4a47932"")","Miss","Daisy","Healy","83453354233.0","DaisyH@hotmail.com","","Dublin City","Dublin","Dublin","D001 0240","0"
"ObjectId(""60863bd8f74dee67a4a47938"")","Mr","Steve","Walshy","89164354233.0","SteveW@hotmail.com","","Tallaght","Dublin","Dublin","D010 4210","0"
"ObjectId(""60863cebee18ad6d7429fb47"")","Miss","Daisy","Healy","83453354233.0","DaisyH@hotmail.com","","Dublin City","Dublin","Dublin","D001 0240","0"
"ObjectId(""60863cebee18ad6d7429fb4d"")","Mr","Steve","Walshy","89164354233.0","SteveW@hotmail.com","","Tallaght","Dublin","Dublin","D010 4210","0"
"ObjectId(""60863e7aa133071a046ddcd6"")","Miss","Daisy","Healy","83453354233.0","DaisyH@hotmail.com","","Dublin City","Dublin","Dublin","D001 0240","0"
"ObjectId(""60863e7aa133071a046ddcdc"")","Mr","Steve","Walshy","89164354233.0","SteveW@hotmail.com","","Tallaght","Dublin","Dublin","D010 4210","0"
"ObjectId(""60863ebc5229e70e58b9380c"")","Miss","Daisy","Healy","83453354233.0","DaisyH@hotmail.com","","Dublin City","Dublin","Dublin","D001 0240","0"
"ObjectId(""60863ebc5229e70e58b93812"")","Mr","Steve","Walshy","89164354233.0","SteveW@hotmail.com","","Tallaght","Dublin","Dublin","D010 4210","0"
